{
"lengthUnit": "mil",
"components": {
	"fields": ["COMPONENT_NO", "COMPONENT_NAME", "LAYER", "X_COORDINATE", "Y_COORDINATE", "ANGLE"],
	"rows": [
		[1, "C4", "T", 344.49, -893.7, 0],
		[2, "C5", "B", 344.49, -753.94, 0],
		[3, "C6", "T", 1415, -741.06, 180],
		[4, "C8", "B", 624.01, -448.82, 90],
		[5, "C9", "B", 550, -475, 0],
		[6, "C10", "B", 640, -79.09, 90],
		[7, "C11", "B", 750, -265, 180],
		[8, "C12", "B", 550, -425, 0],
		[9, "C13", "B", 956.57, -685.78, 0],
		[10, "C14", "B", 1016.57, -845.78, 180],
		[11, "C15", "B", 871.57, -845.78, 180],
		[12, "C16", "B", 1016.57, -895.78, 180],
		[13, "C17", "B", 871.57, -895.78, 180],
		[14, "C20", "T", 1417.32, -187.01, 0],
		[15, "C21", "B", 344.49, -799.21, 0],
		[16, "C22", "B", 344.49, -844.49, 180],
		[17, "C23", "T", 1427.16, -448.82, 0],
		[18, "C24", "T", 1423.23, -334.64, 180],
		[19, "C25", "T", 1167.16, -740.62, 0],
		[20, "D1", "B", 320, -336.97, 90],
		[21, "D2", "B", 1433.07, -283.46, 0],
		[22, "FPC1", "T", 1555.12, -362.2, 90],
		[23, "LED1", "T", 1105, -93.39, 0],
		[24, "LED2", "B", 543.31, -316.93, 180],
		[25, "LED3", "B", 639.76, -340.55, 90],
		[26, "Q1", "T", 1129.88, -590.15, 270],
		[27, "Q2", "T", 1305.94, -660.15, 90],
		[28, "Q3", "B", 892.02, -365.48, 180],
		[29, "Q4", "B", 889.25, -563.03, 180],
		[30, "R1", "B", 326.06, -449.04, 270],
		[31, "R2", "B", 371.06, -449.04, 270],
		[32, "R3", "B", 416.06, -449.04, 270],
		[33, "R4", "B", 461.42, -449.21, 270],
		[34, "R5", "T", 1217.91, -655.15, 90],
		[35, "R6", "T", 1218.5, -572.83, 270],
		[36, "R7", "T", 1116.14, -692.91, 0],
		[37, "R8", "T", 450, -75, 180],
		[38, "R9", "T", 540, -75, 0],
		[39, "R10", "T", 1199.49, -93.39, 0],
		[40, "R13", "B", 1399.6, -188.98, 180],
		[41, "R14", "B", 543.31, -377.95, 0],
		[42, "R15", "B", 549.21, -267.72, 0],
		[43, "R16", "B", 970, -125, 270],
		[44, "R17", "B", 660, -265, 180],
		[45, "R18", "B", 805, -455, 180],
		[46, "R19", "B", 964.25, -523.03, 180],
		[47, "R20", "B", 844.49, -667.32, 90],
		[48, "R23", "T", 1429.13, -234.25, 0],
		[49, "R24", "T", 1370.08, -273.62, 180],
		[50, "SW1", "T", 1380, -828.03, 0],
		[51, "SW2", "T", 1155, -828.03, 180],
		[52, "U1", "T", 670, -485, 90],
		[53, "U3", "B", 685, -675, 90],
		[54, "U4", "B", 420, -320, 90],
		[55, "U5", "B", 465, -320, 90],
		[56, "U6", "B", 375, -320, 90],
		[57, "U7", "B", 431.59, -609.57, 90],
		[58, "U8", "B", 1245, -100.91, 270],
		[59, "U10", "B", 805.26, -130.85, 270],
		[60, "U12", "B", 741.54, -367.5, 270],
		[61, "U13", "B", 1026.57, -750.78, 270],
		[62, "U14", "B", 886.57, -750.78, 270],
		[63, "U19", "T", 1675.19, -812.99, 270],
		[64, "USB1", "B", 446.06, -174.04, 0]
	]
},
"pins": {
	"fields": ["PIN_NO", "PIN_NAME", "PIN_X", "PIN_Y", "LAYER", "PIN_TYPE", "NET_NAME", "NET_TYPE", "PAD_SHAPE", "PAD_SIZEX", "PAD_SIZEY", "HOLE_SIZE", "PAD_ANGLE"],
	"rows": [
		[1, "C4_1", 323.03, -893.7, "T", "SMD", "GND", "GND", "R", 31.11, 21.26, 0, 0],
		[2, "C4_2", 365.95, -893.7, "T", "SMD", "+3V3", "", "R", 31.11, 21.26, 0, 0],
		[3, "C5_1", 323.03, -753.94, "B", "SMD", "GND", "GND", "R", 31.11, 21.26, 0, 0],
		[4, "C5_2", 365.95, -753.94, "B", "SMD", "+3V3", "", "R", 31.11, 21.26, 0, 0],
		[5, "C6_1", 1436.46, -741.06, "T", "SMD", "IO0", "", "R", 31.11, 21.26, 0, 180],
		[6, "C6_2", 1393.54, -741.06, "T", "SMD", "GND", "GND", "R", 31.11, 21.26, 0, 180],
		[7, "C8_1", 624.01, -470.28, "B", "SMD", "GND", "GND", "R", 31.11, 21.26, 0, 90],
		[8, "C8_2", 624.01, -427.36, "B", "SMD", "+5V", "", "R", 31.11, 21.26, 0, 90],
		[9, "C9_1", 528.54, -475, "B", "SMD", "GND", "GND", "R", 31.11, 21.26, 0, 0],
		[10, "C9_2", 571.46, -475, "B", "SMD", "+3V3", "", "R", 31.11, 21.26, 0, 0],
		[11, "C10_1", 640, -100.55, "B", "SMD", "GND", "GND", "R", 31.11, 21.26, 0, 90],
		[12, "C10_2", 640, -57.63, "B", "SMD", "+5V", "", "R", 31.11, 21.26, 0, 90],
		[13, "C11_1", 771.46, -265, "B", "SMD", "B-", "", "R", 31.11, 21.26, 0, 180],
		[14, "C11_2", 728.54, -265, "B", "SMD", "$3N2395", "", "R", 31.11, 21.26, 0, 180],
		[15, "C12_1", 528.54, -425, "B", "SMD", "GND", "GND", "R", 31.11, 21.26, 0, 0],
		[16, "C12_2", 571.46, -425, "B", "SMD", "+3V3", "", "R", 31.11, 21.26, 0, 0],
		[17, "C13_1", 935.11, -685.78, "B", "SMD", "$3N5489", "", "R", 31.11, 21.26, 0, 0],
		[18, "C13_2", 978.03, -685.78, "B", "SMD", "$3N5447", "", "R", 31.11, 21.26, 0, 0],
		[19, "C14_1", 1038.03, -845.78, "B", "SMD", "GND", "GND", "R", 31.11, 21.26, 0, 180],
		[20, "C14_2", 995.11, -845.78, "B", "SMD", "CSI_2.8V", "", "R", 31.11, 21.26, 0, 180],
		[21, "C15_1", 893.03, -845.78, "B", "SMD", "GND", "GND", "R", 31.11, 21.26, 0, 180],
		[22, "C15_2", 850.11, -845.78, "B", "SMD", "CSI_1.2V", "", "R", 31.11, 21.26, 0, 180],
		[23, "C16_1", 1038.03, -895.78, "B", "SMD", "GND", "GND", "R", 31.11, 21.26, 0, 180],
		[24, "C16_2", 995.11, -895.78, "B", "SMD", "CSI_2.8V", "", "R", 31.11, 21.26, 0, 180],
		[25, "C17_1", 893.03, -895.78, "B", "SMD", "GND", "GND", "R", 31.11, 21.26, 0, 180],
		[26, "C17_2", 850.11, -895.78, "B", "SMD", "CSI_1.2V", "", "R", 31.11, 21.26, 0, 180],
		[27, "C20_1", 1395.86, -187.01, "T", "SMD", "GND", "GND", "R", 31.11, 21.26, 0, 0],
		[28, "C20_2", 1438.78, -187.01, "T", "SMD", "CAM_RST", "", "R", 31.11, 21.26, 0, 0],
		[29, "C21_1", 323.03, -799.21, "B", "SMD", "GND", "GND", "R", 31.11, 21.26, 0, 0],
		[30, "C21_2", 365.95, -799.21, "B", "SMD", "+3V3", "", "R", 31.11, 21.26, 0, 0],
		[31, "C22_1", 365.95, -844.49, "B", "SMD", "+3V3", "", "R", 31.11, 21.26, 0, 180],
		[32, "C22_2", 323.03, -844.49, "B", "SMD", "GND", "GND", "R", 31.11, 21.26, 0, 180],
		[33, "C23_1", 1405.7, -448.82, "T", "SMD", "GND", "GND", "R", 31.11, 21.26, 0, 0],
		[34, "C23_2", 1448.62, -448.82, "T", "SMD", "CSI_PCLK", "", "R", 31.11, 21.26, 0, 0],
		[35, "C24_1", 1444.69, -334.64, "T", "SMD", "+3V3", "", "R", 31.11, 21.26, 0, 180],
		[36, "C24_2", 1401.77, -334.64, "T", "SMD", "GND", "GND", "R", 31.11, 21.26, 0, 180],
		[37, "C25_1", 1145.7, -740.62, "T", "SMD", "GND", "GND", "R", 31.11, 21.26, 0, 0],
		[38, "C25_2", 1188.62, -740.62, "T", "SMD", "EN", "", "R", 31.11, 21.26, 0, 0],
		[39, "D1_1", 320, -383.13, "B", "SMD", "+5V", "", "R", 39.37, 29.53, 0, 90],
		[40, "D1_2", 320, -290.8, "B", "SMD", "VBUS", "", "R", 39.37, 29.53, 0, 90],
		[41, "D2_1", 1405.07, -283.66, "B", "SMD", "$1N18232", "", "P", 24, 19, 0, 0],
		[42, "D2_2", 1461.07, -283.26, "B", "SMD", "GND", "GND", "P", 24, 19, 0, 0],
		[43, "FPC1_1", 1504.43, -588.59, "T", "SMD", "FPC1_1", "", "R", 11.81, 49.21, 0, 90],
		[44, "FPC1_2", 1504.43, -568.9, "T", "SMD", "FPC1_2", "", "R", 11.81, 49.21, 0, 90],
		[45, "FPC1_3", 1504.43, -549.22, "T", "SMD", "CSI_D2", "", "R", 11.81, 49.21, 0, 90],
		[46, "FPC1_4", 1504.43, -529.53, "T", "SMD", "CSI_D1", "", "R", 11.81, 49.21, 0, 90],
		[47, "FPC1_5", 1504.43, -509.85, "T", "SMD", "CSI_D3", "", "R", 11.81, 49.21, 0, 90],
		[48, "FPC1_6", 1504.43, -490.16, "T", "SMD", "CSI_D0", "", "R", 11.81, 49.21, 0, 90],
		[49, "FPC1_7", 1504.43, -470.48, "T", "SMD", "CSI_D4", "", "R", 11.81, 49.21, 0, 90],
		[50, "FPC1_8", 1504.43, -450.79, "T", "SMD", "CSI_PCLK", "", "R", 11.81, 49.21, 0, 90],
		[51, "FPC1_9", 1504.43, -431.11, "T", "SMD", "CSI_D5", "", "R", 11.81, 49.21, 0, 90],
		[52, "FPC1_10", 1504.43, -411.42, "T", "SMD", "GND", "GND", "R", 11.81, 49.21, 0, 90],
		[53, "FPC1_11", 1504.43, -391.74, "T", "SMD", "CSI_D6", "", "R", 11.81, 49.21, 0, 90],
		[54, "FPC1_12", 1504.43, -372.05, "T", "SMD", "CSI_MCLK", "", "R", 11.81, 49.21, 0, 90],
		[55, "FPC1_13", 1504.43, -352.37, "T", "SMD", "CSI_D7", "", "R", 11.81, 49.21, 0, 90],
		[56, "FPC1_14", 1504.43, -332.68, "T", "SMD", "+3V3", "", "R", 11.81, 49.21, 0, 90],
		[57, "FPC1_15", 1504.43, -312.99, "T", "SMD", "CSI_1.2V", "", "R", 11.81, 49.21, 0, 90],
		[58, "FPC1_16", 1504.43, -293.31, "T", "SMD", "CSI_HSYNC", "", "R", 11.81, 49.21, 0, 90],
		[59, "FPC1_17", 1504.43, -273.62, "T", "SMD", "$1N20830", "", "R", 11.81, 49.21, 0, 90],
		[60, "FPC1_18", 1504.43, -253.94, "T", "SMD", "CSI_VSYNC", "", "R", 11.81, 49.21, 0, 90],
		[61, "FPC1_19", 1504.43, -234.25, "T", "SMD", "CAM_RST", "", "R", 11.81, 49.21, 0, 90],
		[62, "FPC1_20", 1504.43, -214.57, "T", "SMD", "TWI_SCK", "", "R", 11.81, 49.21, 0, 90],
		[63, "FPC1_21", 1504.43, -194.88, "T", "SMD", "CSI_2.8V", "", "R", 11.81, 49.21, 0, 90],
		[64, "FPC1_22", 1504.43, -175.2, "T", "SMD", "TWI_SDA", "", "R", 11.81, 49.21, 0, 90],
		[65, "FPC1_23", 1504.43, -155.51, "T", "SMD", "GND", "GND", "R", 11.81, 49.21, 0, 90],
		[66, "FPC1_24", 1504.43, -135.83, "T", "SMD", "FPC1_24", "", "R", 11.81, 49.21, 0, 90],
		[67, "FPC1_25", 1605.81, -69.29, "T", "SMD", "GND", "GND", "R", 78.74, 98.42, 0, 90],
		[68, "FPC1_26", 1605.81, -655.12, "T", "SMD", "GND", "GND", "R", 78.74, 98.42, 0, 90],
		[69, "LED1_1", 1129.53, -93.39, "T", "SMD", "$3N583", "", "R", 29.53, 23.62, 0, 0],
		[70, "LED1_2", 1080.47, -93.39, "T", "SMD", "GND", "GND", "R", 29.53, 23.62, 0, 0],
		[71, "LED2_1", 518.78, -316.93, "B", "SMD", "+5V", "", "R", 29.53, 23.62, 0, 180],
		[72, "LED2_2", 567.84, -316.93, "B", "SMD", "$3N1417", "", "R", 29.53, 23.62, 0, 180],
		[73, "LED3_1", 639.76, -361.74, "B", "SMD", "$3N1341", "", "R", 25.06, 21.26, 0, 90],
		[74, "LED3_2", 639.76, -319.36, "B", "SMD", "+5V", "", "R", 25.06, 21.26, 0, 90],
		[75, "Q1_1", 1092.48, -638.78, "T", "SMD", "$1N2574", "", "R", 42.13, 23.62, 0, 270],
		[76, "Q1_2", 1167.28, -638.78, "T", "SMD", "RTS", "", "R", 42.13, 23.62, 0, 270],
		[77, "Q1_3", 1129.88, -541.53, "T", "SMD", "EN", "", "R", 42.13, 23.62, 0, 270],
		[78, "Q2_1", 1343.34, -611.53, "T", "SMD", "$1N2612", "", "R", 42.13, 23.62, 0, 90],
		[79, "Q2_2", 1268.54, -611.53, "T", "SMD", "IO0", "", "R", 42.13, 23.62, 0, 90],
		[80, "Q2_3", 1305.94, -708.78, "T", "SMD", "DTR", "", "R", 42.13, 23.62, 0, 90],
		[81, "Q3_1", 838.87, -402.88, "B", "SMD", "GND", "GND", "R", 43.31, 23.62, 0, 180],
		[82, "Q3_2", 838.87, -365.48, "B", "SMD", "Q3_2", "", "R", 43.31, 23.62, 0, 180],
		[83, "Q3_3", 838.87, -328.08, "B", "SMD", "B-", "", "R", 43.31, 23.62, 0, 180],
		[84, "Q3_4", 945.17, -328.08, "B", "SMD", "$3N2615", "", "R", 43.31, 23.62, 0, 180],
		[85, "Q3_5", 945.17, -365.48, "B", "SMD", "Q3_5", "", "R", 43.31, 23.62, 0, 180],
		[86, "Q3_6", 945.17, -402.88, "B", "SMD", "$3N2610", "", "R", 43.31, 23.62, 0, 180],
		[87, "Q4_1", 849.88, -600.43, "B", "SMD", "$3N4516", "", "R", 49.21, 27.56, 0, 180],
		[88, "Q4_2", 849.88, -525.63, "B", "SMD", "+3V3", "", "R", 49.21, 27.56, 0, 180],
		[89, "Q4_3", 928.62, -563.03, "B", "SMD", "$3N5447", "", "R", 49.21, 27.56, 0, 180],
		[90, "R1_1", 326.06, -432, "B", "SMD", "VBUS", "", "R", 22.27, 21.26, 0, 270],
		[91, "R1_2", 326.06, -466.08, "B", "SMD", "$1N1854", "", "R", 22.27, 21.26, 0, 270],
		[92, "R2_1", 371.06, -432, "B", "SMD", "GND", "GND", "R", 22.27, 21.26, 0, 270],
		[93, "R2_2", 371.06, -466.08, "B", "SMD", "$1N1854", "", "R", 22.27, 21.26, 0, 270],
		[94, "R3_1", 416.06, -432, "B", "SMD", "+3V3", "", "R", 22.27, 21.26, 0, 270],
		[95, "R3_2", 416.06, -466.08, "B", "SMD", "$1N1978", "", "R", 22.27, 21.26, 0, 270],
		[96, "R4_1", 461.42, -432.17, "B", "SMD", "GND", "GND", "R", 22.27, 21.26, 0, 270],
		[97, "R4_2", 461.42, -466.25, "B", "SMD", "$1N2139", "", "R", 22.27, 21.26, 0, 270],
		[98, "R5_1", 1217.91, -672.19, "T", "SMD", "DTR", "", "R", 22.27, 21.26, 0, 90],
		[99, "R5_2", 1217.91, -638.11, "T", "SMD", "$1N2574", "", "R", 22.27, 21.26, 0, 90],
		[100, "R6_1", 1218.5, -555.79, "T", "SMD", "RTS", "", "R", 22.27, 21.26, 0, 270],
		[101, "R6_2", 1218.5, -589.87, "T", "SMD", "$1N2612", "", "R", 22.27, 21.26, 0, 270],
		[102, "R7_1", 1099.1, -692.91, "T", "SMD", "EN", "", "R", 22.27, 21.26, 0, 0],
		[103, "R7_2", 1133.18, -692.91, "T", "SMD", "+3V3", "", "R", 22.27, 21.26, 0, 0],
		[104, "R8_1", 467.04, -75, "T", "SMD", "$1N4178", "", "R", 22.27, 21.26, 0, 180],
		[105, "R8_2", 432.96, -75, "T", "SMD", "TXD", "", "R", 22.27, 21.26, 0, 180],
		[106, "R9_1", 522.96, -75, "T", "SMD", "$1N4217", "", "R", 22.27, 21.26, 0, 0],
		[107, "R9_2", 557.04, -75, "T", "SMD", "RXD", "", "R", 22.27, 21.26, 0, 0],
		[108, "R10_1", 1182.45, -93.39, "T", "SMD", "$3N583", "", "R", 22.27, 21.26, 0, 0],
		[109, "R10_2", 1216.53, -93.39, "T", "SMD", "+5V", "", "R", 22.27, 21.26, 0, 0],
		[110, "R13_1", 1416.64, -188.98, "B", "SMD", "+3V3", "", "R", 22.27, 21.26, 0, 180],
		[111, "R13_2", 1382.56, -188.98, "B", "SMD", "$1N18232", "", "R", 22.27, 21.26, 0, 180],
		[112, "R14_1", 526.27, -377.95, "B", "SMD", "$3N1341", "", "R", 22.27, 21.26, 0, 0],
		[113, "R14_2", 560.35, -377.95, "B", "SMD", "$3N1421", "", "R", 22.27, 21.26, 0, 0],
		[114, "R15_1", 532.17, -267.72, "B", "SMD", "$3N1417", "", "R", 22.27, 21.26, 0, 0],
		[115, "R15_2", 566.25, -267.72, "B", "SMD", "$3N1437", "", "R", 22.27, 21.26, 0, 0],
		[116, "R16_1", 970, -107.96, "B", "SMD", "$3N1611", "", "R", 22.27, 21.26, 0, 270],
		[117, "R16_2", 970, -142.04, "B", "SMD", "GND", "GND", "R", 22.27, 21.26, 0, 270],
		[118, "R17_1", 677.04, -265, "B", "SMD", "$3N2395", "", "R", 22.27, 21.26, 0, 180],
		[119, "R17_2", 642.96, -265, "B", "SMD", "B+", "", "R", 22.27, 21.26, 0, 180],
		[120, "R18_1", 822.04, -455, "B", "SMD", "GND", "GND", "R", 22.27, 21.26, 0, 180],
		[121, "R18_2", 787.96, -455, "B", "SMD", "$3N2481", "", "R", 22.27, 21.26, 0, 180],
		[122, "R19_1", 981.29, -523.03, "B", "SMD", "GND", "GND", "R", 22.27, 21.26, 0, 180],
		[123, "R19_2", 947.21, -523.03, "B", "SMD", "+3V3", "", "R", 22.27, 21.26, 0, 180],
		[124, "R20_1", 844.49, -684.36, "B", "SMD", "GND", "GND", "R", 22.27, 21.26, 0, 90],
		[125, "R20_2", 844.49, -650.28, "B", "SMD", "$3N4516", "", "R", 22.27, 21.26, 0, 90],
		[126, "R23_1", 1412.09, -234.25, "T", "SMD", "+3V3", "", "R", 22.27, 21.26, 0, 0],
		[127, "R23_2", 1446.17, -234.25, "T", "SMD", "CAM_RST", "", "R", 22.27, 21.26, 0, 0],
		[128, "R24_1", 1387.12, -273.62, "T", "SMD", "$1N20830", "", "R", 22.27, 21.26, 0, 180],
		[129, "R24_2", 1353.04, -273.62, "T", "SMD", "GND", "GND", "R", 22.27, 21.26, 0, 180],
		[130, "SW1_1", 1298.31, -828.03, "T", "SMD", "GND", "GND", "R", 53.15, 70.87, 0, 0],
		[131, "SW1_2", 1461.69, -828.03, "T", "SMD", "IO0", "", "R", 53.15, 70.87, 0, 0],
		[132, "SW2_1", 1236.69, -828.03, "T", "SMD", "GND", "GND", "R", 53.15, 70.87, 0, 180],
		[133, "SW2_2", 1073.31, -828.03, "T", "SMD", "EN", "", "R", 53.15, 70.87, 0, 180],
		[134, "U1_1", 320.39, -829.49, "T", "SMD", "GND", "GND", "R", 78.74, 39.37, 0, 90],
		[135, "U1_2", 370.39, -829.49, "T", "SMD", "+3V3", "", "R", 78.74, 39.37, 0, 90],
		[136, "U1_3", 420.39, -829.49, "T", "SMD", "EN", "", "R", 78.74, 39.37, 0, 90],
		[137, "U1_4", 470.39, -829.49, "T", "SMD", "CSI_D4", "", "R", 78.74, 39.37, 0, 90],
		[138, "U1_5", 520.39, -829.49, "T", "SMD", "CSI_D5", "", "R", 78.74, 39.37, 0, 90],
		[139, "U1_6", 570.39, -829.49, "T", "SMD", "CSI_D6", "", "R", 78.74, 39.37, 0, 90],
		[140, "U1_7", 620.39, -829.49, "T", "SMD", "CSI_D7", "", "R", 78.74, 39.37, 0, 90],
		[141, "U1_8", 670.39, -829.49, "T", "SMD", "U1_8", "", "R", 78.74, 39.37, 0, 90],
		[142, "U1_9", 720.39, -829.49, "T", "SMD", "RS", "", "R", 78.74, 39.37, 0, 90],
		[143, "U1_10", 770.39, -829.49, "T", "SMD", "CSI_VSYNC", "", "R", 78.74, 39.37, 0, 90],
		[144, "U1_11", 820.39, -829.49, "T", "SMD", "TWI_SDA", "", "R", 78.74, 39.37, 0, 90],
		[145, "U1_12", 870.39, -829.49, "T", "SMD", "TWI_SCK", "", "R", 78.74, 39.37, 0, 90],
		[146, "U1_13", 920.39, -829.49, "T", "SMD", "SCLK", "", "R", 78.74, 39.37, 0, 90],
		[147, "U1_14", 970.39, -829.49, "T", "SMD", "U1_14", "", "R", 78.74, 39.37, 0, 90],
		[148, "U1_15", 1019.61, -709.8, "T", "SMD", "GND", "GND", "R", 39.37, 78.74, 0, 90],
		[149, "U1_16", 1019.61, -659.8, "T", "SMD", "MOSI", "", "R", 39.37, 78.74, 0, 90],
		[150, "U1_17", 1019.61, -609.8, "T", "SMD", "U1_17", "", "R", 39.37, 78.74, 0, 90],
		[151, "U1_18", 1019.61, -559.8, "T", "SMD", "U1_18", "", "R", 39.37, 78.74, 0, 90],
		[152, "U1_19", 1019.61, -509.8, "T", "SMD", "U1_19", "", "R", 39.37, 78.74, 0, 90],
		[153, "U1_20", 1019.61, -459.8, "T", "SMD", "U1_20", "", "R", 39.37, 78.74, 0, 90],
		[154, "U1_21", 1019.61, -409.8, "T", "SMD", "U1_21", "", "R", 39.37, 78.74, 0, 90],
		[155, "U1_22", 1019.61, -359.8, "T", "SMD", "U1_22", "", "R", 39.37, 78.74, 0, 90],
		[156, "U1_23", 1019.61, -309.8, "T", "SMD", "CS", "", "R", 39.37, 78.74, 0, 90],
		[157, "U1_24", 1019.61, -259.8, "T", "SMD", "RST", "", "R", 39.37, 78.74, 0, 90],
		[158, "U1_25", 970.39, -140.51, "T", "SMD", "IO0", "", "R", 78.74, 39.37, 0, 90],
		[159, "U1_26", 920.39, -140.51, "T", "SMD", "CSI_MCLK", "", "R", 78.74, 39.37, 0, 90],
		[160, "U1_27", 870.39, -140.51, "T", "SMD", "U1_27", "", "R", 78.74, 39.37, 0, 90],
		[161, "U1_28", 820.39, -140.51, "T", "SMD", "U1_28", "", "R", 78.74, 39.37, 0, 90],
		[162, "U1_29", 770.39, -140.51, "T", "SMD", "CSI_D0", "", "R", 78.74, 39.37, 0, 90],
		[163, "U1_30", 720.39, -140.51, "T", "SMD", "CSI_D1", "", "R", 78.74, 39.37, 0, 90],
		[164, "U1_31", 670.39, -140.51, "T", "SMD", "CSI_D2", "", "R", 78.74, 39.37, 0, 90],
		[165, "U1_32", 620.39, -140.51, "T", "SMD", "U1_32", "", "R", 78.74, 39.37, 0, 90],
		[166, "U1_33", 570.39, -140.51, "T", "SMD", "CSI_D3", "", "R", 78.74, 39.37, 0, 90],
		[167, "U1_34", 520.39, -140.51, "T", "SMD", "$1N4217", "", "R", 78.74, 39.37, 0, 90],
		[168, "U1_35", 470.39, -140.51, "T", "SMD", "$1N4178", "", "R", 78.74, 39.37, 0, 90],
		[169, "U1_36", 420.39, -140.51, "T", "SMD", "CSI_PCLK", "", "R", 78.74, 39.37, 0, 90],
		[170, "U1_37", 370.39, -140.51, "T", "SMD", "CSI_HSYNC", "", "R", 78.74, 39.37, 0, 90],
		[171, "U1_38", 320.39, -140.51, "T", "SMD", "GND", "GND", "R", 78.74, 39.37, 0, 90],
		[172, "U1_39", 603.47, -528.31, "T", "SMD", "GND", "GND", "R", 157.48, 157.48, 0, 90],
		[173, "U3_1", 594.45, -558.07, "B", "SMD", "GND", "GND", "R", 98.42, 43.31, 0, 90],
		[174, "U3_2", 685, -558.07, "B", "SMD", "+3V3", "", "R", 98.42, 43.31, 0, 90],
		[175, "U3_3", 775.55, -558.07, "B", "SMD", "+5V", "", "R", 98.42, 43.31, 0, 90],
		[176, "U3_4", 685, -791.93, "B", "SMD", "+3V3", "", "R", 92.13, 141.73, 0, 90],
		[177, "U4_1", 420, -349.52, "B", "SMD", "GND", "GND", "R", 23.62, 15.75, 0, 90],
		[178, "U4_2", 420, -290.48, "B", "SMD", "USB_DN", "", "R", 23.62, 15.75, 0, 270],
		[179, "U5_1", 465, -349.52, "B", "SMD", "GND", "GND", "R", 23.62, 15.75, 0, 90],
		[180, "U5_2", 465, -290.48, "B", "SMD", "USB_DP", "", "R", 23.62, 15.75, 0, 270],
		[181, "U6_1", 375, -349.52, "B", "SMD", "GND", "GND", "R", 23.62, 15.75, 0, 90],
		[182, "U6_2", 375, -290.48, "B", "SMD", "VBUS", "", "R", 23.62, 15.75, 0, 270],
		[183, "U7_1", 333.17, -668.68, "B", "SMD", "U7_1", "", "O", 11.02, 35.43, 0, 270],
		[184, "U7_2", 333.17, -648.98, "B", "SMD", "U7_2", "", "O", 11.02, 35.43, 0, 270],
		[185, "U7_3", 333.17, -629.28, "B", "SMD", "GND", "GND", "O", 11.02, 35.43, 0, 270],
		[186, "U7_4", 333.17, -609.58, "B", "SMD", "USB_DP", "", "O", 11.02, 35.43, 0, 270],
		[187, "U7_5", 333.17, -589.88, "B", "SMD", "USB_DN", "", "O", 11.02, 35.43, 0, 270],
		[188, "U7_6", 333.17, -570.18, "B", "SMD", "+3V3", "", "O", 11.02, 35.43, 0, 270],
		[189, "U7_7", 333.17, -550.48, "B", "SMD", "+3V3", "", "O", 11.02, 35.43, 0, 270],
		[190, "U7_8", 372.49, -511.15, "B", "SMD", "$1N1854", "", "O", 11.02, 35.43, 0, 0],
		[191, "U7_9", 392.19, -511.15, "B", "SMD", "$1N1978", "", "O", 11.02, 35.43, 0, 0],
		[192, "U7_10", 411.89, -511.15, "B", "SMD", "U7_10", "", "O", 11.02, 35.43, 0, 0],
		[193, "U7_11", 431.59, -511.15, "B", "SMD", "$1N2139", "", "O", 11.02, 35.43, 0, 0],
		[194, "U7_12", 451.29, -511.15, "B", "SMD", "U7_12", "", "O", 11.02, 35.43, 0, 0],
		[195, "U7_13", 470.99, -511.15, "B", "SMD", "U7_13", "", "O", 11.02, 35.43, 0, 0],
		[196, "U7_14", 490.69, -511.15, "B", "SMD", "U7_14", "", "O", 11.02, 35.43, 0, 0],
		[197, "U7_15", 530.02, -550.48, "B", "SMD", "U7_15", "", "O", 11.02, 35.43, 0, 270],
		[198, "U7_16", 530.02, -570.18, "B", "SMD", "U7_16", "", "O", 11.02, 35.43, 0, 270],
		[199, "U7_17", 530.02, -589.88, "B", "SMD", "U7_17", "", "O", 11.02, 35.43, 0, 270],
		[200, "U7_18", 530.02, -609.58, "B", "SMD", "U7_18", "", "O", 11.02, 35.43, 0, 270],
		[201, "U7_19", 530.02, -629.28, "B", "SMD", "U7_19", "", "O", 11.02, 35.43, 0, 270],
		[202, "U7_20", 530.02, -648.98, "B", "SMD", "U7_20", "", "O", 11.02, 35.43, 0, 270],
		[203, "U7_21", 530.02, -668.68, "B", "SMD", "U7_21", "", "O", 11.02, 35.43, 0, 270],
		[204, "U7_22", 490.69, -708, "B", "SMD", "U7_22", "", "O", 11.02, 35.43, 0, 0],
		[205, "U7_23", 470.99, -708, "B", "SMD", "U7_23", "", "O", 11.02, 35.43, 0, 0],
		[206, "U7_24", 451.29, -708, "B", "SMD", "RTS", "", "O", 11.02, 35.43, 0, 0],
		[207, "U7_25", 431.59, -708, "B", "SMD", "TXD", "", "O", 11.02, 35.43, 0, 0],
		[208, "U7_26", 411.89, -708, "B", "SMD", "RXD", "", "O", 11.02, 35.43, 0, 0],
		[209, "U7_27", 392.19, -708, "B", "SMD", "U7_27", "", "O", 11.02, 35.43, 0, 0],
		[210, "U7_28", 372.49, -708, "B", "SMD", "DTR", "", "O", 11.02, 35.43, 0, 0],
		[211, "U7_29", 431.59, -609.58, "B", "SMD", "GND", "GND", "R", 125.98, 125.98, 0, 0],
		[212, "U8_1", 1079.65, -100.91, "B", "SMD", "U8_1", "", "R", 118.11, 19.68, 0, 270],
		[213, "U8_2", 1107.21, -100.91, "B", "SMD", "U8_2", "", "R", 118.11, 19.68, 0, 270],
		[214, "U8_3", 1134.76, -100.91, "B", "SMD", "MOSI", "", "R", 118.11, 19.68, 0, 270],
		[215, "U8_4", 1162.32, -100.91, "B", "SMD", "SCLK", "", "R", 118.11, 19.68, 0, 270],
		[216, "U8_5", 1189.88, -100.91, "B", "SMD", "RS", "", "R", 118.11, 19.68, 0, 270],
		[217, "U8_6", 1217.44, -100.91, "B", "SMD", "RST", "", "R", 118.11, 19.68, 0, 270],
		[218, "U8_7", 1245, -100.91, "B", "SMD", "CS", "", "R", 118.11, 19.68, 0, 270],
		[219, "U8_8", 1272.56, -100.91, "B", "SMD", "GND", "GND", "R", 118.11, 19.68, 0, 270],
		[220, "U8_9", 1300.12, -100.91, "B", "SMD", "U8_9", "", "R", 118.11, 19.68, 0, 270],
		[221, "U8_10", 1327.68, -100.91, "B", "SMD", "+3V3", "", "R", 118.11, 19.68, 0, 270],
		[222, "U8_11", 1355.24, -100.91, "B", "SMD", "GND", "GND", "R", 118.11, 19.68, 0, 270],
		[223, "U8_12", 1382.79, -100.91, "B", "SMD", "$1N18232", "", "R", 118.11, 19.68, 0, 270],
		[224, "U8_13", 1410.35, -100.91, "B", "SMD", "GND", "GND", "R", 118.11, 19.68, 0, 270],
		[225, "U10_1", 919.76, -55.85, "B", "SMD", "GND", "GND", "R", 23.62, 47.24, 0, 270],
		[226, "U10_2", 919.76, -105.85, "B", "SMD", "$3N1611", "", "R", 23.62, 47.24, 0, 270],
		[227, "U10_3", 919.76, -155.85, "B", "SMD", "GND", "GND", "R", 23.62, 47.24, 0, 270],
		[228, "U10_4", 919.76, -205.85, "B", "SMD", "+5V", "", "R", 23.62, 47.24, 0, 270],
		[229, "U10_5", 690.76, -205.85, "B", "SMD", "B+", "", "R", 23.62, 47.24, 0, 270],
		[230, "U10_6", 690.76, -155.85, "B", "SMD", "$3N1421", "", "R", 23.62, 47.24, 0, 270],
		[231, "U10_7", 690.76, -105.85, "B", "SMD", "$3N1437", "", "R", 23.62, 47.24, 0, 270],
		[232, "U10_8", 690.76, -55.85, "B", "SMD", "+5V", "", "R", 23.62, 47.24, 0, 270],
		[233, "U10_9", 805.26, -130.85, "B", "SMD", "GND", "GND", "R", 129.92, 94.49, 0, 90],
		[234, "U12_1", 786.78, -330.1, "B", "SMD", "$3N2615", "", "R", 20.95, 42.2, 0, 270],
		[235, "U12_2", 786.78, -367.5, "B", "SMD", "$3N2481", "", "R", 20.95, 42.2, 0, 270],
		[236, "U12_3", 786.78, -404.9, "B", "SMD", "$3N2610", "", "R", 20.95, 42.2, 0, 270],
		[237, "U12_4", 696.3, -404.9, "B", "SMD", "U12_4", "", "R", 20.95, 42.2, 0, 270],
		[238, "U12_5", 696.3, -367.5, "B", "SMD", "$3N2395", "", "R", 20.95, 42.2, 0, 270],
		[239, "U12_6", 696.3, -330.1, "B", "SMD", "B-", "", "R", 20.95, 42.2, 0, 270],
		[240, "U13_1", 1063.97, -799.4, "B", "SMD", "GND", "GND", "R", 42.13, 23.62, 0, 270],
		[241, "U13_2", 989.17, -799.4, "B", "SMD", "CSI_2.8V", "", "R", 42.13, 23.62, 0, 270],
		[242, "U13_3", 1026.57, -702.15, "B", "SMD", "$3N5447", "", "R", 42.13, 23.62, 0, 270],
		[243, "U14_1", 923.97, -799.4, "B", "SMD", "GND", "GND", "R", 42.13, 23.62, 0, 270],
		[244, "U14_2", 849.17, -799.4, "B", "SMD", "CSI_1.2V", "", "R", 42.13, 23.62, 0, 270],
		[245, "U14_3", 886.57, -702.15, "B", "SMD", "$3N5489", "", "R", 42.13, 23.62, 0, 270],
		[246, "U19_1", 1675.19, -762.99, "T", "DIP", "B+", "", "R", 78.74, 78.74, 47.24, 270],
		[247, "U19_1", 1675.19, -762.99, "B", "DIP", "B+", "", "R", 78.74, 78.74, 47.24, 270],
		[248, "U19_2", 1675.19, -862.99, "T", "DIP", "B-", "", "C", 78.74, 78.74, 47.24, 270],
		[249, "U19_2", 1675.19, -862.99, "B", "DIP", "B-", "", "C", 78.74, 78.74, 47.24, 270],
		[250, "USB1_1", 394.86, -231.22, "B", "SMD", "VBUS", "", "R", 78.74, 15.75, 0, 90],
		[251, "USB1_2", 420.46, -231.22, "B", "SMD", "USB_DN", "", "R", 78.74, 15.75, 0, 90],
		[252, "USB1_3", 446.06, -231.22, "B", "SMD", "USB_DP", "", "R", 78.74, 15.75, 0, 90],
		[253, "USB1_4", 471.66, -231.22, "B", "SMD", "USB1_4", "", "R", 78.74, 15.75, 0, 90],
		[254, "USB1_5", 497.26, -231.22, "B", "SMD", "GND", "GND", "R", 78.74, 15.75, 0, 90],
		[255, "USB1_6", 320.08, -209.54, "B", "SMD", "GND", "GND", "R", 62.99, 39.37, 0, 0],
		[256, "USB1_7", 320.08, -116.86, "B", "SMD", "GND", "GND", "R", 78.74, 55.12, 0, 0],
		[257, "USB1_8", 572.04, -116.86, "B", "SMD", "GND", "GND", "R", 78.74, 55.12, 0, 0],
		[258, "USB1_9", 572.04, -209.54, "B", "SMD", "GND", "GND", "R", 62.99, 39.37, 0, 0]
	]
}
}